,Dataset,accuracy,Error rate
0,SmoothSubspace,0.3333333333333333,0.6666666666666667
1,SyntheticControl,0.16666666666666666,0.8333333333333334
2,BeetleFly,0.5,0.5
3,BirdChicken,0.5,0.5
4,Coffee,0.5357142857142857,0.4642857142857143
5,UMD,0.3333333333333333,0.6666666666666667
6,Meat,0.3333333333333333,0.6666666666666667
7,ItalyPowerDemand,0.49854227405247814,0.5014577259475219
8,Chinatown,0.27405247813411077,0.7259475218658893
9,ECG200,0.36,0.64
